cluster,pEMAP_satisfaction
0.0,0.8603603603603603
1.0,0.8828828828828829
