cluster,pEMAP_satisfaction
0.0,0.8603603603603603
1.0,0.8783783783783784
