cluster,pEMAP_satisfaction
0.0,0.8716216216216216
1.0,0.8783783783783784
